id,address
13392,41100 Pinebench Road Yucaipa CA 92399
18115,2 Vail Rd Bethel CT 6801
8495,340 Carnation Avenue Mangilao GU 96913
6793,1541 Medical Drive Tallahassee FL 32308
18472,7801 E 32Nd Ave Anchorage AK 99504
1068,99 Armstrong Ave Lisbon NH 3585
14686,26 Pickerton Street Milan GA 31060
15427,4724 West Vine Street Kissimmee FL 34746
4818,1959 South Val Vista Drive Mesa AZ 85204
2414,400 Faunce Corner Road North Dartmouth MA 02747
19460,12500 Wisteria Dr Germantown MD 20874
585,2500 Alton Parkway Irvine CA 92606
1284,298 Osloski Road Eureka MT 59917
13305,401 Elmgrove Ave Providence RI 2906
3452,30 Strafford Rd Center Strafford NH 3884
12599,120 North 19Th Avenue Bozeman MT 59718
18429,104 South Main Street Drayton North Dakota 58225
623,6085 7Th St Ne Fridley MN 55432
3696,92 885 Makakilo Drive Kapolei HI 96707
6825,2600 Glasgow Avenue Newark DE 19702
14625,453 Leroy St Buffalo NY 14215
12858,785 United States Highway 321 Lenoir City TN 37771
16428,265 Griffin Street West Amery WI 54001
4941,2119 Hartford Ave Johnston RI 2919
13679,2610 14Th Street Columbus NE 68601
47,45 Sprague Avenue Cranston RI 02910
13832,1182 Chenango Street Binghamton NY 13901
18498,5501 North La Palma Road Eloy AZ 85131
46,1570 Shepardsville Highway Granville TN 38564
18907,10255 Lambert Road Peyton CO 80831
1088,4750 West 52Nd Street Indianapolis IN 46254
3807,6 Front Street Frederica DE 19946
6683,20 South Main Street Chambersburg Pennsylvania 17201
13076,1090 Ossipee Lake Rd West Ossipee NH 3890
7397,945 W Main St Mount Vernon KY 40456
11090,105 North 31St Avenue Omaha NE 68131
647,1506 Market Street Little Rock Arkansas 72211
3147,2000 West Main Street Saint Charles IL 60174
2734,2480 Windy Hill Road Southeast Marietta GA 30067
7413,127 North Main Street Marion Ohio 43302
561,159 Winchester Street Sardinia OH 45171
13435,19901 Lawson Rd Little Rock AR 72210
4648,4056 Siloam Road Dobson NC 27017
10704,401 Main Street Edgeley North Dakota 58433
11135,95 Main Street Atwood KS 67730
3881,551 Kokopelli Boulevard Fruita CO 81521
17454,1900 Beech Ave Se Cullman AL 35055
16167,219 N 1St St Medford OK 73759
6625,308 South Main Street Aberdeen South Dakota 57401
5635,99 Grandview Ave Bridgeport CT 6606
3471,401 North 31St Street Billings Montana 59101
5999,20 Mcgee St Greenville SC 29601
19625,20 4Th Avenue Southwest Conrad MT 59425
11358,3420 Wilkesboro Boulevard Lenoir NC 28645
12282,38322 Us Hwy 180 St. Johns AZ 85936
18591,11540 Ne Inverness Dr Portland OR 97220
8682,4880 South Wynn Road Las Vegas NV 89103
15186,3515 Washington Road Mcmurray PA 15317
1382,29750 Ecorse Road Romulus MI 48174
13577,501 South Adams St Marion IN 46952
12626,62741 County Road 551 Togo MN 55723
18197,445 South Main St Lusk Wyoming 82225
19369,6179 Annas Hope Christiansted VI 00820
10738,22505 26 Mile Rd Ray MI 48096
3505,124 Stacey Road Volborg MT 59351
4741,565 Pontiac Ave Cranston RI 2910
7841,34 Upper Riverdale Road Riverdale GA 30274
10755,4629 Hicone Rd Greensboro NC 27405
11799,500 19Th Street Ne Washington DC 20002
11935,180 Pine Bayou Circle Richwood LA 71202
8704,38911 Van Dyke Avenue Sterling Heights MI 48312
4496,155 Saco Avenue Old Orchard Beach ME 04064
3913,66 South Washington Street North Attleboro MA 02760
9172,10050 West 41St Avenue Wheat Ridge CO 80033
15328,125 Shaw Street Howard City MI 49329
4779,1 Palm St E Millinocket ME 4430
6913,324 East Main Street Newark DE 19711
7147,7777 S May Ave Oklahoma City OK 73159
16833,1 Church St Wakefield MA 1880
16124,3613 Chitimacha Trail Jeanerette LA 70544
5616,1 Longhorn Dr Agua Dulce TX 78330
9845,10555 Stead Boulevard Reno NV 89506
9141,126 East Main Street Deshler OH 43516
12269,15505 South Pleasant Valley Road Kuna ID 83634
12126,1001 Clay Ave Tyrone PA 16686
10984,19937 430Th Street Clarissa MN 56440
978,1 Bulldog Ave Baltic SD 57003
16491,8211 West 3500 South Magna UT 84044
3164,4110 Stanton Ogletown Road Newark DE 19713
2832,44 Hallowell Rd Chelsea ME 4330
6504,111 Pattit Rd Dayton WA 99328
19173,42 Cross Rd Stamford CT 6905
4956,1080 Labaron Dr Miami Springs FL 33166
3084,1565 Fe Sellers Highway Monticello MS 39654
10416,1 Hatfield Lane Goshen NY 10924
2863,2555 South Kirkman Road Orlando FL 32811
10701,1555 Liberty Lane Missoula MT 59808
16812,600 E Fairview Ave Homer AK 99603
272,117 South Mulberry Ave Butler AL 36904
88,1745 Baltimore Boulevard Westminster MD 21157
15024,2008 3Rd Street La Grande OR 97850
15688,2630 N Pacific Hwy Woodburn OR 97071
361,515 Dayton Street Ranchester Wyoming 82839
8165,524 W 184Th St New York NY 10033
3045,1404 Jackson Street Ne Washington DC 20017
9394,1300 Ludlow Rd Ludlow SD 57755
19108,533 Fellowship Road Mount Laurel New Jersey 08054
14913,161 Hwy 25 Conway AR 72032
9721,9655 Colorado Lane North Brooklyn Park MN 55445
3798,309 Cleveland St Sundance WY 82729
9753,1044 East Hazelwood Avenue Rahway NJ 07065
857,363 Festus Centre Drive Festus Missouri 63028
6288,2519 Martin Luther King Dr San Antonio TX 78203
3635,4 Watson St Nashua NH 3064
16935,411 East 11Th Street Schuyler NE 68661
17591,4624 South Holladay Boulevard Salt Lake City UT 84117
7207,1065 Thornfield Rd Kaysville UT 84037
8789,100 N Peters Ave Fond Du Lac WI 54935
12781,5802 Us Hwy 160 Theodosia MO 65761
9524,1954 State Farm Rd State Farm VA 23160
12956,1216 New York Avenue Knoxville TN 37921
10583,1519 32Nd Street South Brookings SD 57006
3676,1525 18Th Street Spirit Lake Iowa 51360
1149,1931 Eagan Avenue Fairbanks AK 99701
1410,1351 Nicholson St Nw Washington DC 20011
11336,122 Legend Rd Lumberton NC 28358
2782,7555 Enchanted Hills Boulevard Rio Rancho NM 87144
13283,3301 Willoughby Beach Road Edgewood MD 21040-3502
18955,1195 S Elk Ridge Drive Salem UT 84653
5800,2320 Avenue J Omaha NE 68110
8705,21 Barrio Monacillos San Juan PR 00929
8138,2100 Canyon Parkway Sparks NV 89436
12214,26405 Hwy 107 Jacksonville AR 72076
14561,60 S Pioneer St Lowell OR 97452
17399,2 Elementary Drive Treynor IA 51575
13698,3601 Country Club Blvd Sioux City IA 51104
3285,103 West Main Street Parkston South Dakota 57366
12442,21 Readfield Rd Manchester ME 4351
18442,200A Pioneer Road Red River NM 87558
19950,100 Hulton Rd Oakmont PA 15139
16272,1 Highlander Way Huntington WV 25701
5995,32363 State Highway 79 Warner Springs CA 92086
3786,900 South Progress Boulevard Tuscola Illinois 61953
18555,6794 Us Highway 76 Prosperity SC 29127
15979,2311 Monterey Road Colorado Springs CO 80910
6356,1051 East Cary Street Richmond Virginia 23219
10198,2700 South California Avenue Chicago IL 60608
13447,4750 North Five Mile Road Boise ID 83713
17893,350 Jose Cruz Avenue Agana Heights GU 96919
1762,2900 S Higley Rd Rawlins WY 82301
16238,111 South Grand St Montague TX 76251
7669,3920 East Ashwood Rd Madras OR 97741
1399,315 Fourth Avenue Chula Vista CA 91910
403,524 Main Street Hazard Kentucky 41701
15803,1000 Indian School Rd Albuquerque NM 87104
2300,1565 West Drahner Road Oxford MI 48371
16963,225 Corry Street Yellow Springs OH 45387
13572,240 Budig Drive Aberdeen OH 45101
16504,6250 N 82Nd St Scottsdale AZ 85250
9493,11100 South Memorial Parkway Huntsville AL 35803
4834,808 E Woodland Ave Barron WI 54812
1943,100 North Walnut Street Colfax Iowa 50054
2263,5430 West Sample Road Margate FL 33073
6461,9 W Minnesota Ave Winger Minnesota 56592
12509,2600 Douglass Road Se Washington DC 20020
15999,1205 United States Highway 22 Phillipsburg NJ 08865
3046,1631 Division Ave East Ephrata WA 98823
17920,4390 Campbells Run Road Pittsburgh PA 15205
13074,8860 Back Valley Road Evensville TN 37332
4276,125 Commons Way Villa Rica GA 30180
5011,3 Signature Circle Sharples WV 25183
12256,56 Tiogue Ave West Warwick RI 2893
6887,1 Middlebrook Rd Ferrisburg VT 5456
11936,505 Barrick Rd Janesville IA 50647
8244,13856 North Dale Mabry Highway Tampa FL 33618
14151,230 Ne 6Th St Bend OR 97701
8268,18 County Road 50 Velarde NM 87582
15454,13823 Outlet Drive Silver Spring MD 20904
5353,6624 Beard Woods Lane Harrisonburg VA 22802
13006,105 W Jones St Hollis OK 73550
6064,603 Avenue B Youngsville LA 70592
18804,410 Atlantic Boulevard Neptune Beach FL 32266
956,20 N Whittlesey Ave Wallingford CT 6492
6965,300 Fountain School Rd Rocky Mount NC 27804
11502,3703 Harrison Avenue Butte MT 59701
12899,99 Church St Lowell MA 1852
5830,92 Wilson St Keene NH 3431
18600,842 Ashley 12 West Hamburg AR 71646
9282,201 S Mountain Ave Ashland OR 97520
2165,60 Littleton Road Parsippany NJ 07054
16100,2263 Otranto Road North Charleston SC 29406
18076,506 Second St Craig AK 99921
1888,1400 16Th Street Denver Colorado 80202
11412,11 Riverview Ter West Haven CT 6516
7215,380 Chase Street Walla Walla WA 99362
17202,559 Railroad Buena Vista CO 81211
4728,1760 Chicago Avenue Riverside CA 92507
2085,127 Upper Welden St St Albans VT 5478
14733,5 Courthouse Square Lewisville AR 71845
50,1401 N Street Lincoln Nebraska 68508
11525,598 Columbia Turnpike East Greenbush NY 12061
11138,50 East Main Street Albion IL 62806
12171,2427 Mims Rd Hephzibah GA 30815
6544,324 Corys Ln Portsmouth RI 2871
8942,310 E Grant Meade KS 67864
3842,300 Congress Dr Hwy 33 Newburg Wisconsin 53060
19502,3 Craftsman Ln Amherst NH 3031
2826,11636 Hwy 84 Bismarck AR 71929
8295,102 W Madison St Phoenix AZ 85003
8873,19987 State Highway 676 Marietta OH 45750
2301,1301 A Street Tacoma Washington 98402
5368,216 Union Street Covington IN 47932
3951,261 Tremont St Taunton MA 2780
15633,2001 W Starr Pass Blvd Tucson AZ 85713
914,332 1St Avenue West Cascade Iowa 52033
5281,525 East Birch Street Glenrock WY 82637
2066,7200 Barrister Dr Boise ID 83704
12053,101 East Main Street Florence Colorado 81226
3574,2420 Kilauea Ave Hilo HI 96720
12207,1560 Williston Rd S Burlington VT 5403
2475,701 Chief St Benkelman NE 69021
7481,815 5Th Street Delaware City DE 19706
13487,7334 Ne Siskiyou St Portland OR 97213
3001,419 South Grand Street Cherokee Oklahoma 73728
17065,30 N Main St Randolph VT 5060
6238,301 Washington Street Cedar Falls Iowa 50613
12601,123 Walcott St Pawtucket RI 2860
12642,950 East Bogard Road Wasilla AK 99654
4322,1865 Waterloo Road Russellville AL 35653
9999,1540 South Cleveland Massillon Road Copley OH 44321
66,1121 Middle St Honolulu HI 96819
7890,550 South 10Th Street Watseka IL 60970
19657,301 N Calverton Rd Baltimore MD 21223
8054,250 East State Road 73 Saratoga Springs UT 84045
17707,25 South Frazier Avenue Wheeling WV 26003
13084,2330 Shawnee Mission Parkway Westwood KS 66205
14200,938 2Nd Avenue West Dickinson ND 58601
2035,33 Convent Ave Norwich CT 6360
2308,1930 Peace Haven Road Winston Salem NC 27106
275,510 1St St Hillsboro MO 63050
229,151 South 8Th Street Carlin NV 89822
15889,12604 133Rd Ave S Ozone Park NY 11420
2374,68 Myrtle St Clairmont NH 3743
10699,202 2Nd Avenue South Cold Spring Minnesota 56320
712,680 Hightower Girdwood AK 99587
17315,2201 Carrs Mill Road Fallston MD 21047-1802
318,1695 Elizabeth Pike Mineral Wells WV 26150
14061,1851 Madison Avenue Council Bluffs Iowa 51503
2407,500 19Th St Ne Washington DC 20002
9185,174 Willowcrest Dr Windsor CT 6095
19719,100 South Phillips Avenue Sioux Falls South Dakota 57101
12464,2406 Grove Street Vicksburg MS 39183
9415,1710 East Windsor Road Urbana IL 61802
3064,2360 Corporate Circle Henderson NV 89074
813,202 Los Altos Parkway Sparks NV 89436
6129,2565 Old Milton Pkwy Alpharetta GA 30004
150,410 North Main Street Summerville SC 29483
18880,10 Middle School Lane Charleston WV 25312
235,4717 Main Street Hodges SC 29653
9335,1375 Mount Olivet Road Ne Washington DC 20002
11115,12 First Avenue Laurel Montana 59044
12608,11479 Southwest 40Th Street Miami FL 33165
5488,227 N Mill St Louis MI 48880
12275,4704 State Rt 149 Hartford NY 12838
8776,520 Harmon Loop Harmon GU 96929
13822,194 Chalan Kasperbauer Dededo GU 96929
6519,1 Hospital Court Bellows Falls VT 05101
940,114 Illinois St Anaktuvuk Pass AK 99721
3862,4002 Samuelson Ave Sandpoint ID 83864
13568,2001 Pleasant Ridge Drive Lexington Kentucky 40505
3226,380 Coffee Tree Rd Frankfort KY 40602
19847,1550 Harrison Street Twin Falls ID 83301
11737,855 Rolling Meadows Rd Waynesburg PA 15370
9458,9001 North Country Homes Boulevard Spokane WA 99218
17491,19 Deerfield Dr New Limerick ME 4761
60,18582 Beach Boulevard Huntington Beach CA 92648
2283,15425 East Mission Avenue Veradale WA 99037
780,200 South 1St Street Crowell TX 79227
15197,114 Yorktown St Somerville MA 2144
18348,19 Complex Blvd Ronan MT 59864
5779,1173 State Highway 100 Centerville TN 37033
9116,287 North Main St Lewisburg Kentucky 42256
3943,20 Calle Bomberos Jemez Springs NM 87025
3996,705 Washington Street Ravenswood WV 26164
1042,1St Street Holloman Air Force Base NM 88330
480,102 Nw Fairbanks Ave Coffman Cove AK 99918
4070,97 North Main Street Kilmarnock Virginia 22482
2513,3095 Bath Road Bath Indiana 47010
10834,140 Calle Ramon Torres Florida PR 00650
2846,1800 48Th Ave Sw Bismarck ND 58506
17225,202 Clark Street Bassett Nebraska 68714
1158,660 Kailua Road Kailua HI 96734
5237,169 San Isidro St Mangilao GU 96923
9362,3909 Mcfarland Boulevard Northport AL 35476
17682,3777 Commercial Street Southeast Salem OR 97302
14640,21036 Triple Seven Road Sterling VA 20165
14191,1550 United States Highway 20 South Worland WY 82401
11066,15015 62Nd Street North Stillwater MN 55082
18626,215 Hollywood Street Bethany Beach DE 19930
8393,120 Kaiulani Avenue Honolulu HI 96815
14563,5 Rockingham Rd Londonderry NH 3053
18923,3863 Franklin Road Murfreesboro TN 37128
14657,6 Staudt Street Boerne TX 78006
2294,300 S Wilson St Birchwood WI 54817
7230,44550 Tall Timbers Rd Tall Timbers MD 20690
8108,111 South Commercial Temple Oklahoma 73568
10299,540 Reno Street Rochester PA 15074
12767,311 Miner Ave E Ladysmith WI 54848
12620,554 River Road Hollis ME 04042
2977,37 Doak Street Grenada MS 38901
8563,225 Center St Ridgway PA 15853
10628,814 Washington Street Natchitoches Louisiana 71457
19272,1175 Osage Street Denver CO 80204
19480,3312 Pennsylvania Avenue Weirton WV 26062
14519,9720 South 1300 East Sandy UT 84094
18642,14717 Curtis Street Detroit MI 48235
9122,19 Cushing Road Friendship ME 4547
3808,126 Washington Ave Bridgeport CT 6604
6048,233 E Crook Ave Goldfield NV 89013
15534,365 Emerson Ave Plainfield NJ 07062
13119,110 East 6Th Street Ordway CO 81063
4404,2819 W 21St Pl Chicago IL 60623
11301,1718 Pleasant St Walla Walla WA 99362
4578,9745 Prospect Avenue Santee CA 92071
15866,144 4Th Avenue Northeast Gladstone MI 49837
6901,201 North Bardstown Road Mount Washington Kentucky 40047
3975,900 Main Street Shiloh NJ 08353
8220,5304 Mecklenburg Shrine Club Road Charlotte NC 28215
1279,301 Chestnut Street Chaska Minnesota 55318
7596,4330 N 62Nd St Scottsdale AZ 85251
17509,500 South Corona Mall Corona CA 92879
17837,200 South Hickory Hill Drive Ballinger TX 76821
15961,12350 Industry Way Anchorage AK 99515
17087,2300 Prince St Conway AR 72032
12187,1850 Se Ranson Road Lees Summit MO 64082
17247,1500 Strongs Ave Stevens Point WI 54481
3593,528 East Merriman Avenue Wynne Arkansas 72396
17354,204 Burt Blvd Benton LA 71006
16148,1683 Main St E Hartford CT 6108
3590,8700 Central Avenue Capitol Heights MD 20743
4847,1680 Capital One Drive Mclean Virginia 22102
6691,2232 Resort Pike Road Petoskey MI 49770
5537,375 N 700 W Panguitch UT 84759
18259,48 Calle Cementerio Jayuya PR 00664
2924,12 Cole Rd Raymond ME 4071
19696,2001 Mount Holly Huntersville Road Charlotte NC 28214
13340,440 Main Street Lyons Nebraska 68038
7394,191 Woodport Rd Sparta NJ 7871
12909,234 Berenwood Drive Berea KY 40403
12384,104 E Main St Chambers Nebraska 68725
4494,1709 Harper Road Beckley WV 25801
12871,180 North 300 West Millville UT 84326
2900,3435 Broadway Kansas City MO 64111
16208,600 North Fourth Street Burlington Kansas 66839
13331,214 Railroad Avenue Clayton DE 19938
5917,10500 East Smith Road Denver CO 80239
7488,10930 E 10Th St Indianapolis IN 46229
15884,1420 Industrial Park Rd Wiggins MS 39577
9834,301 Calle Del Carbon Bernalillo NM 87004
3273,16451 Flint St Overland Park KS 66062
3076,4340 Broad River Rd Columbia SC 29210
15864,156 Canada Toto Road Barrigada GU 96913
10807,601 Main Street Osawatomie Kansas 66064
18094,417 Commercial Street Greenleaf Kansas 66943
9275,720 E Main St Mount Kisco NY 10549
9347,22 Litchfield Rd Kittery ME 3904
5021,192 Dero Drive Ordot GU 96910
18931,513 Polk Street Sparta TN 38583
1850,315 Churchill Rd Fort Worth TX 76114
784,75 W Cedar Ave Coldspring TX 77331
19923,1701 Lincoln Way Coeur D Alene ID 83814
19096,500 C Street Southwest Washington DC 20024
2542,590 Hwy 431 Fairfield MT 59436
14435,3400 Parkwood Drive Brunswick GA 31520
10484,885 Barnaby Street Se Washington DC 20032
12016,503 South Main Street Shattuck Oklahoma 73858
8023,18100 Cumberland Rd Noblesville IN 46060
461,850 2Nd Avenue West New England ND 58647
9686,450 West Cobb Street Grove Hill AL 36451
6168,100 Jimmy Love Lane Columbia SC 29212
1159,305 4th St W Clear Lake South Dakota 57226
2876,1700 East Venice Avenue Venice FL 34292
3721,3250 Lake City Highway Lake City TN 37769
4491,1571 Washington Ave Portland ME 4103
2368,8201 State Rd Philadelphia PA 19136
427,46 Dexter St Providence RI 2909
4772,323 Camino De La Placitas Taos NM 87571-5913
13819,13794 Prairie Center Circle Cheyenne WY 82009
752,916 Highway 82 Bypass Greenwood Mississippi 38935
5458,545 Ohohia Street Honolulu HI 96819
1210,120 Hegeman Ave Colchester VT 5446
17569,14309 Manchester Road Ballwin MO 63011
3440,5553 Cormorant Ave Ewa Beach HI 96706
3846,490 Post Street San Francisco CA 94102
4527,317 Old Mountain Road Pocahontas VA 24635
5340,200 East Camden Wyoming Avenue Camden DE 19934-1303
15314,18 North Main Street Mechanicsburg OH 43044
2676,30 Main Street Middlebury Vermont 05753
19754,14141 S Pennsylvania Oklahoma City OK 73170
3578,1254 North Main Street Lapeer MI 48446
4327,1101 St Joseph Street Waveland MS 39576
6041,4809 West Fairview Avenue Boise ID 83706
10170,22000 Albion Road Strongsville OH 44149
779,2180 East 4500 South Salt Lake City UT 84117
12306,9320 Merrimac Trail Williamsburg VA 23185
15657,16200 Antioch Road Overland Park KS 66085
11278,2375 Oakley Road Raymond MS 39154
10497,111 O Street Nw Washington DC 20001
14878,6911 N Bdi Blvd Douglas AZ 85607
17577,1000 Fairgrounds Rd Globe AZ 85501
5558,80 W 126Th St 82 New York NY 10027
6330,1994 Cougar Drive Pavillion WY 82523
8534,688 Spring Street Northwest Atlanta GA 30308
14808,3038 W 850 S Bunker Hill IN 46914
18276,8950 Roebuck Blvd Birmingham AL 35206
17371,1821 1St Ave Longview WA 98632
2810,316 Washington St Wenatchee WA 98801
11136,4802 Barnes City Rd Montezuma IA 50171
7018,104 Vickers Dr Chestertown MD 21620
339,31 Pine Meadow Dr Colchester VT 5446
10725,6161 West Charleston Blvd Las Vegas NV 89146
12416,270 Route 10 Barrigada GU 96913
9271,11085 State Highway 506 Hillsboro OH 45133
4730,3065 Iron Springs Road Skull Valley AZ 86338
2659,700 Northeast 87Th Avenue Vancouver WA 98664
15922,1375 East Schaumburg Road Schaumburg IL 60194
12756,203 Aspinall Avenue Hagatna GU 96910
17586,12161 Manchester Road Des Peres MO 63131
10954,346 North Mayo Trail Pikeville Kentucky 41501
8051,890 Free Line Drive Pine Bluff AR 71603
10037,5250 Hickory Valley Road Sparta TN 38583
11083,556 Hazelwood Avenue Waynesville NC 28786
8766,55 Mahalani St Wailuku HI 96793
1191,110 First Street Jonesburg Missouri 63351
3597,701 16Th Ave Sw Mandan ND 58554
17975,202 S Humbolt St Canyon City OR 97820
9130,3210 Avenue B Scottsbluff NE 69361
17288,3015 West Palmetto Street Florence SC 29501
7144,301 Spring Garden Road Hammonton NJ 08037
5116,5116 Riverwood Pkwy Evans GA 30809
14002,101 W Forest St Lowell MA 1851
1021,3915 North Wildcat Way 2300 East Filer ID 83328
1945,123 North Jefferson Street Converse Indiana 46919
17871,21554 W 9000 S Duchesne UT 84021
210,3821 West Spring Creek Parkway Plano TX 75023
3247,65 West Greenbrook Rd North Caldwell NJ 07006
7542,1666 East Bert Kouns Industrial Loop Shreveport LA 71105
10376,5670 Doffing Rd Mission TX 78574
9234,25 N Sumner Ave Newcastle WY 82701
9981,339 East Dogwood Avenue Palmer AK 99645
13205,308 Courthouse Drive Cavalier ND 58220
11832,5440 Belair Road Baltimore MD 21206
1027,566 West Prairie Avenue Coeur D Alene ID 83815
11277,3841 Leeds Ave North Charleston SC 29405
265,2035 Limestone Road Wilmington Delaware 19808
967,6110 South Minnesota Avenue Sioux Falls SD 57108
2609,1061 Main Street Follansbee WV 26037
1769,2201 Main Street Torrington Wyoming 82240
336,130 Kailua Road Kailua HI 96734
8687,1400 Braman Ave Bismarck ND 58501
739,6 Crescent Ln Barre VT 5641
795,10838 State Highway 337 Tijeras NM 87059-8605
8438,60 Mill Street Salem WV 26426
7083,15245 Bluebird Street Northwest Andover MN 55304
10324,499 Old Columbia Rd Harrisonburg LA 71340
6300,36245 Main St Whitehall WI 54773
2674,403 East Broad Street Raymond Illinois 62560
1081,824 North Market Street Wilmington Delaware 19801
14085,1320 E 19Th Ave Gary IN 46407
5490,1506 Canterbury Rd Lakewood NJ 8701
10081,323 West High St Tucumcari NM 88401
15158,2255 East 8Th North Mountain Home ID 83647
12662,13650 N Manito Rd Manito IL 61546
1682,12300 Anderson Valley Way Boonville CA 95415
11249,115 West A Street Watonga Oklahoma 73772
7941,8837 Fourth Street Stuart OK 74570
10079,922 Gainesville Highway Buford GA 30518
9061,4242 Slate Hill Road Marcellus NY 13108
7485,3231 South National Avenue Springfield MO 65807
2318,2384 Lemanville Cutoff Rd Donaldsonville LA 70346
11950,1513 N Douglas Ave Tahlequah OK 74464
14108,3 Prison Rd Jean NV 89019
15825,13051 Northside Rd Northport AL 35475
10811,2104 63Rd Avenue East Bradenton FL 34203
6945,450 Joe Stevens Road Cedar Bluff MS 39741
1330,1120 Chelsea Street Everett MA 2149
11201,300 W 18Th Ave Tyndall SD 57066
3326,1900 W Russell St Sioux Falls SD 57104
10572,1450 Avon St La Crosse WI 54603
3466,312 Arnold Street Northeast Cullman AL 35055
9380,2984 Old Plain Dealing Rd Plain Dealing LA 71064
11628,2020 Central Avenue Dodge City KS 67801
4720,105 Edgewood Cemetery Road Dickson TN 37055
6486,426 Hazard Ave Enfield CT 6082
10652,9763 Courthouse Road Spotsylvania VA 22553
17598,250 Washington St Providence RI 2903
18288,331 Broad St Nesquehoning PA 18240
1387,740 West Main Road Middletown RI 02842
11670,3020 14Th Street Northwest Washington DC 20009
7171,3013 West Sahara Avenue Las Vegas NV 89102
2322,2135 Main St Marstons Mls MA 2648
4653,1000 6Th St Sw Minot ND 58701
1465,131 W Cameron St Culpeper VA 22701
18479,4777 88Th Ave Kenosha WI 53144
215,2140 Wade Stedman Road Stedman NC 28391
11544,120 West Main Street Raymond MS 39154
4935,8244 East United States Highway 36 Avon IN 46123
840,2294 Slagle Rd Leesville LA 71446
4639,1400 Big Lake Rd Council Bluffs IA 51501
13053,122 Main St Plaistow NH 3865
7771,2440 Kolo Rd Kilauea HI 96754
173,67 Shamrock Rd Manchester KY 40962
14056,188 N Prospect St Burlington VT 5401
14521,604 Adams Avenue Hettinger ND 58639
16488,200 East Centennial Drive Pittsburg KS 66762
14197,409 Cemetery Rd Varnville SC 29944
10618,56 John Ewer Rd Sandwich MA 2563
11450,1501 Creekmoor Dr Raymore MO 64083
9048,1805 1St Ave N Pell City AL 35120
16434,2 South Franklin Street Glenwood Minnesota 56334
4732,145 Lowell St Manchester NH 3104
9194,2861 South Harper Road Corinth MS 38834
6293,1022 West Main Street Bowling Green KY 42101
